Date;count
2018-02-20 13:50:12;205904
2018-02-20 13:50:26;205905
2018-02-20 13:50:36;205906
2018-02-20 13:50:46;205907
2018-02-20 13:50:57;205908
2018-02-20 13:51:07;205909
2018-02-20 13:51:17;205910
2018-02-20 13:51:27;205911
2018-02-20 13:51:37;205912
2018-02-20 13:51:47;205913
2018-02-20 13:51:57;205914
2018-02-20 13:52:08;205915
2018-02-20 13:52:18;205916
2018-02-20 13:52:28;205917
2018-02-20 13:52:38;205918
2018-02-20 13:52:48;205919
2018-02-20 13:52:58;205920
2018-02-20 13:53:08;205921
2018-02-20 13:53:19;205922
2018-02-20 13:53:29;205923
2018-02-20 13:53:39;205924
2018-02-20 13:53:49;205925
2018-02-20 13:53:59;205926
2018-02-20 13:54:09;205927
2018-02-20 13:54:19;205928
2018-02-20 13:54:30;205929
2018-02-20 13:54:40;205930
2018-02-20 13:54:50;205931
2018-02-20 13:55:00;205932
2018-02-20 13:55:10;205933
2018-02-20 13:55:20;205934
2018-02-20 13:55:30;205935
2018-02-20 13:55:41;205936
2018-02-20 13:55:51;205937
2018-02-20 13:56:01;205938
2018-02-20 13:56:11;205939
2018-02-20 13:56:21;205940
2018-02-20 13:56:31;205941
2018-02-20 13:56:41;205942
2018-02-20 13:56:52;205943
2018-02-20 13:57:02;205944
2018-02-20 13:57:12;205945
2018-02-20 13:57:22;205946
2018-02-20 13:57:32;205947
2018-02-20 13:57:42;205948
2018-02-20 13:57:52;205949
2018-02-20 13:58:03;205950
2018-02-20 13:58:13;205951
2018-02-20 13:58:23;205952
2018-02-20 13:58:33;205953
2018-02-20 13:58:43;205954
2018-02-20 13:58:53;205955
2018-02-20 13:59:03;205956
2018-02-20 13:59:14;205957
2018-02-20 13:59:24;205958
2018-02-20 13:59:34;205959
2018-02-20 13:59:44;205960
2018-02-20 13:59:54;205961
2018-02-20 14:00:04;205962
2018-02-20 14:00:14;205963
2018-02-20 14:00:25;205964
2018-02-20 14:00:35;205965
2018-02-20 14:00:45;205966
2018-02-20 14:00:55;205967
2018-02-20 14:01:05;205968
2018-02-20 14:01:15;205969
2018-02-20 14:01:26;205970
2018-02-20 14:01:36;205971
2018-02-20 14:01:46;205972
2018-02-20 14:01:56;205973
2018-02-20 14:02:06;205974
2018-02-20 14:02:16;205975
2018-02-20 14:02:26;205976
2018-02-20 14:02:37;205977
2018-02-20 14:02:47;205978
2018-02-20 14:02:57;205979
2018-02-20 14:03:07;205980
2018-02-20 14:03:17;205981
2018-02-20 14:03:27;205982
2018-02-20 14:03:37;205983
2018-02-20 14:03:48;205984
2018-02-20 14:03:58;205985
2018-02-20 14:04:08;205986
2018-02-20 14:04:18;205987
2018-02-20 14:04:28;205988
2018-02-20 14:04:38;205989
2018-02-20 14:04:49;205990
2018-02-20 14:04:59;205991
2018-02-20 14:05:09;205992
2018-02-20 14:05:19;205993
2018-02-20 14:05:29;205994
2018-02-20 14:05:39;205995
2018-02-20 14:05:49;205996
2018-02-20 14:06:00;205997
2018-02-20 14:06:10;205998
2018-02-20 14:06:20;205999
2018-02-20 14:06:30;206000
2018-02-20 14:06:40;206001
2018-02-20 14:06:50;206002
2018-02-20 14:07:00;206003
2018-02-20 14:07:11;206004
2018-02-20 14:07:21;206005
2018-02-20 14:07:31;206006
2018-02-20 14:07:41;206007
2018-02-20 14:07:51;206008
2018-02-20 14:08:01;206009
2018-02-20 14:08:11;206010
2018-02-20 14:08:22;206011
2018-02-20 14:08:32;206012
2018-02-20 14:08:42;206013
2018-02-20 14:08:52;206014
2018-02-20 14:09:02;206015
2018-02-20 14:09:12;206016
2018-02-20 14:09:22;206017
2018-02-20 14:09:33;206018
2018-02-20 14:09:43;206019
2018-02-20 14:09:53;206020
2018-02-20 14:10:03;206021
2018-02-20 14:10:13;206022
2018-02-20 14:10:23;206023
2018-02-20 14:10:34;206024
2018-02-20 14:10:44;206025
2018-02-20 14:10:54;206026
2018-02-20 14:11:04;206027
2018-02-20 14:11:14;206028
2018-02-20 14:11:24;206029
2018-02-20 14:11:34;206030
2018-02-20 14:11:45;206031
2018-02-20 14:11:55;206032
2018-02-20 14:12:05;206033
2018-02-20 14:12:15;206034
2018-02-20 14:12:25;206035
2018-02-20 14:12:35;206036
2018-02-20 14:12:45;206037
2018-02-20 14:12:56;206038
2018-02-20 14:13:06;206039
2018-02-20 14:13:16;206040
2018-02-20 14:13:26;206041
2018-02-20 14:13:36;206042
2018-02-20 14:13:46;206043
2018-02-20 14:13:56;206044
2018-02-20 14:14:07;206045
2018-02-20 14:14:17;206046
2018-02-20 14:14:27;206047
2018-02-20 14:14:37;206048
2018-02-20 14:14:47;206049
2018-02-20 14:14:57;206050
2018-02-20 14:15:07;206051
2018-02-20 14:15:18;206052
2018-02-20 14:15:28;206053
2018-02-20 14:15:38;206054
2018-02-20 14:15:48;206055
2018-02-20 14:15:58;206056
2018-02-20 14:16:08;206057
2018-02-20 14:16:18;206058
2018-02-20 14:16:29;206059
2018-02-20 14:16:39;206060
2018-02-20 14:16:49;206061
2018-02-20 14:16:59;206062
2018-02-20 14:17:09;206063
2018-02-20 14:17:19;206064
2018-02-20 14:17:30;206065
2018-02-20 14:17:40;206066
2018-02-20 14:17:50;206067
2018-02-20 14:18:00;206068
2018-02-20 14:18:10;206069
2018-02-20 14:18:20;206070
2018-02-20 14:18:30;206071
2018-02-20 14:18:41;206072
2018-02-20 14:18:51;206073
2018-02-20 14:19:01;206074
2018-02-20 14:19:11;206075
2018-02-20 14:19:21;206076
2018-02-20 14:19:31;206077
2018-02-20 14:19:41;206078
2018-02-20 14:19:52;206079
2018-02-20 14:20:02;206080
2018-02-20 14:20:12;206081
2018-02-20 14:20:22;206082
2018-02-20 14:20:32;206083
2018-02-20 14:20:42;206084
2018-02-20 14:20:53;206085
2018-02-20 14:21:03;206086
2018-02-20 14:21:13;206087
2018-02-20 14:21:23;206088
2018-02-20 14:21:33;206089
2018-02-20 14:21:43;206090
2018-02-20 14:21:53;206091
2018-02-20 14:22:04;206092
2018-02-20 14:22:14;206093
2018-02-20 14:22:24;206094
2018-02-20 14:22:34;206095
2018-02-20 14:22:44;206096
2018-02-20 14:22:54;206097
2018-02-20 14:23:04;206098
2018-02-20 14:23:15;206099
2018-02-20 14:23:25;206100
2018-02-20 14:23:35;206101
2018-02-20 14:23:45;206102
2018-02-20 14:23:55;206103
2018-02-20 14:24:05;206104
2018-02-20 14:24:15;206105
2018-02-20 14:24:26;206106
2018-02-20 14:24:36;206107
2018-02-20 14:24:46;206108
2018-02-20 14:24:56;206109
2018-02-20 14:25:06;206110
2018-02-20 14:25:16;206111
2018-02-20 14:25:27;206112
2018-02-20 14:25:37;206113
2018-02-20 14:25:47;206114
2018-02-20 14:25:57;206115
2018-02-20 14:26:07;206116
2018-02-20 14:26:17;206117
2018-02-20 14:26:28;206118
2018-02-20 14:26:38;206119
2018-02-20 14:26:48;206120
2018-02-20 14:26:58;206121
2018-02-20 14:27:08;206122
2018-02-20 14:27:18;206123
2018-02-20 14:27:28;206124
2018-02-20 14:27:39;206125
2018-02-20 14:27:49;206126
2018-02-20 14:27:59;206127
2018-02-20 14:28:09;206128
2018-02-20 14:28:19;206129
2018-02-20 14:28:29;206130
2018-02-20 14:28:40;206131
2018-02-20 14:28:50;206132
2018-02-20 14:29:00;206133
2018-02-20 14:29:10;206134
2018-02-20 14:29:20;206135
2018-02-20 14:29:30;206136
2018-02-20 14:29:40;206137
2018-02-20 14:29:51;206138
2018-02-20 14:30:01;206139
2018-02-20 14:30:11;206140
2018-02-20 14:30:21;206141
2018-02-20 14:30:31;206142
2018-02-20 14:30:41;206143
2018-02-20 14:30:51;206144
2018-02-20 14:31:02;206145
2018-02-20 14:31:12;206146
2018-02-20 14:31:22;206147
2018-02-20 14:31:32;206148
2018-02-20 14:31:42;206149
2018-02-20 14:31:52;206150
2018-02-20 14:32:02;206151
2018-02-20 14:32:13;206152
2018-02-20 14:32:23;206153
2018-02-20 14:32:33;206154
2018-02-20 14:32:43;206155
2018-02-20 14:32:53;206156
2018-02-20 14:33:03;206157
2018-02-20 14:33:14;206158
2018-02-20 14:33:24;206159
2018-02-20 14:33:34;206160
2018-02-20 14:33:44;206161
2018-02-20 14:33:54;206162
2018-02-20 14:34:04;206163
2018-02-20 14:34:14;206164
2018-02-20 14:34:25;206165
2018-02-20 14:34:35;206166
2018-02-20 14:34:45;206167
2018-02-20 14:34:55;206168
2018-02-20 14:35:05;206169
2018-02-20 14:35:15;206170
2018-02-20 14:35:26;206171
2018-02-20 14:35:36;206172
2018-02-20 14:35:46;206173
2018-02-20 14:35:56;206174
2018-02-20 14:36:06;206175
2018-02-20 14:36:16;206176
2018-02-20 14:36:26;206177
2018-02-20 14:36:37;206178
2018-02-20 14:36:47;206179
2018-02-20 14:36:57;206180
2018-02-20 14:37:07;206181
2018-02-20 14:37:17;206182
2018-02-20 14:37:27;206183
2018-02-20 14:37:37;206184
2018-02-20 14:37:48;206185
2018-02-20 14:37:58;206186
2018-02-20 14:38:08;206187
2018-02-20 14:38:18;206188
2018-02-20 14:38:28;206189
2018-02-20 14:38:38;206190
2018-02-20 14:38:49;206191
2018-02-20 14:38:59;206192
2018-02-20 14:39:09;206193
2018-02-20 14:39:19;206194
2018-02-20 14:39:29;206195
2018-02-20 14:39:39;206196
2018-02-20 14:39:49;206197
2018-02-20 14:40:00;206198
2018-02-20 14:40:10;206199
2018-02-20 14:40:20;206200
2018-02-20 14:40:30;206201
2018-02-20 14:40:40;206202
2018-02-20 14:40:50;206203
2018-02-20 14:41:00;206204
2018-02-20 14:41:11;206205
2018-02-20 14:41:21;206206
2018-02-20 14:41:31;206207
2018-02-20 14:41:41;206208
2018-02-20 14:41:51;206209
2018-02-20 14:42:01;206210
2018-02-20 14:42:12;206211
2018-02-20 14:42:22;206212
2018-02-20 14:42:32;206213
2018-02-20 14:42:42;206214
2018-02-20 14:42:52;206215
2018-02-20 14:43:02;206216
2018-02-20 14:43:12;206217
2018-02-20 14:43:23;206218
2018-02-20 14:43:33;206219
2018-02-20 14:43:43;206220
2018-02-20 14:43:53;206221
2018-02-20 14:44:03;206222
2018-02-20 14:44:13;206223
2018-02-20 14:44:23;206224
2018-02-20 14:44:34;206225
2018-02-20 14:44:44;206226
2018-02-20 14:44:54;206227
2018-02-20 14:45:04;206228
2018-02-20 14:45:14;206229
2018-02-20 14:45:24;206230
2018-02-20 14:45:34;206231
2018-02-20 14:45:45;206232
2018-02-20 14:45:55;206233
2018-02-20 14:46:05;206234
2018-02-20 14:46:15;206235
2018-02-20 14:46:25;206236
2018-02-20 14:46:35;206237
2018-02-20 14:46:45;206238
2018-02-20 14:46:56;206239
2018-02-20 14:47:06;206240
2018-02-20 14:47:16;206241
2018-02-20 14:47:26;206242
2018-02-20 14:47:36;206243
2018-02-20 14:47:46;206244
2018-02-20 14:47:56;206245
2018-02-20 14:48:07;206246
2018-02-20 14:48:17;206247
2018-02-20 14:48:27;206248
2018-02-20 14:48:37;206249
2018-02-20 14:48:47;206250
2018-02-20 14:48:57;206251
2018-02-20 14:49:08;206252
2018-02-20 14:49:18;206253
2018-02-20 14:49:28;206254
2018-02-20 14:49:38;206255
2018-02-20 14:49:48;206256
2018-02-20 14:49:58;206257
2018-02-20 14:50:08;206258
2018-02-20 14:50:19;206259
2018-02-20 14:50:29;206260
2018-02-20 14:50:39;206261
2018-02-20 14:50:49;206262
2018-02-20 14:50:59;206263
2018-02-20 14:51:09;206264
2018-02-20 14:51:19;206265
2018-02-20 14:51:30;206266
2018-02-20 14:51:40;206267
2018-02-20 14:51:50;206268
2018-02-20 14:52:00;206269
2018-02-20 14:52:10;206270
2018-02-20 14:52:20;206271
2018-02-20 14:52:30;206272
2018-02-20 14:52:41;206273
2018-02-20 14:52:51;206274
2018-02-20 14:53:01;206275
2018-02-20 14:53:11;206276
2018-02-20 14:53:21;206277
2018-02-20 14:53:31;206278
2018-02-20 14:53:41;206279
2018-02-20 14:53:52;206280
2018-02-20 14:54:02;206281
2018-02-20 14:54:12;206282
2018-02-20 14:54:22;206283
2018-02-20 14:54:32;206284
2018-02-20 14:54:42;206285
2018-02-20 14:54:53;206286
2018-02-20 14:55:03;206287
2018-02-20 14:55:13;206288
2018-02-20 14:55:23;206289
2018-02-20 14:55:33;206290
2018-02-20 14:55:43;206291
2018-02-20 14:55:53;206292
2018-02-20 14:56:04;206293
2018-02-20 14:56:14;206294
2018-02-20 14:56:24;206295
2018-02-20 14:56:34;206296
2018-02-20 14:56:44;206297
2018-02-20 14:56:54;206298
2018-02-20 14:57:05;206299
2018-02-20 14:57:15;206300
2018-02-20 14:57:25;206301
2018-02-20 14:57:35;206302
2018-02-20 14:57:45;206303
2018-02-20 14:57:55;206304
2018-02-20 14:58:05;206305
2018-02-20 14:58:16;206306
2018-02-20 14:58:26;206307
2018-02-20 14:58:36;206308
2018-02-20 14:58:46;206309
2018-02-20 14:58:56;206310
2018-02-20 14:59:06;206311
2018-02-20 14:59:16;206312
2018-02-20 14:59:27;206313
2018-02-20 14:59:37;206314
2018-02-20 14:59:47;206315
2018-02-20 14:59:57;206316
2018-02-20 15:00:07;206317
2018-02-20 15:00:17;206318
2018-02-20 15:00:27;206319
2018-02-20 15:00:38;206320
2018-02-20 15:00:48;206321
2018-02-20 15:00:58;206322
2018-02-20 15:01:08;206323
2018-02-20 15:01:18;206324
2018-02-20 15:01:28;206325
2018-02-20 15:01:38;206326
2018-02-20 15:01:49;206327
2018-02-20 15:01:59;206328
2018-02-20 15:02:09;206329
2018-02-20 15:02:19;206330
2018-02-20 15:02:29;206331
2018-02-20 15:02:39;206332
2018-02-20 15:02:49;206333
2018-02-20 15:03:00;206334
2018-02-20 15:03:10;206335
2018-02-20 15:03:20;206336
2018-02-20 15:03:30;206337
2018-02-20 15:03:40;206338
2018-02-20 15:03:50;206339
2018-02-20 15:04:01;206340
2018-02-20 15:04:11;206341
2018-02-20 15:04:21;206342
2018-02-20 15:04:31;206343
2018-02-20 15:04:41;206344
2018-02-20 15:04:51;206345
2018-02-20 15:05:01;206346
2018-02-20 15:05:12;206347
2018-02-20 15:05:22;206348
2018-02-20 15:05:32;206349
2018-02-20 15:05:42;206350
2018-02-20 15:05:52;206351
2018-02-20 15:06:02;206352
2018-02-20 15:06:12;206353
2018-02-20 15:06:23;206354
2018-02-20 15:06:33;206355
2018-02-20 15:06:43;206356
2018-02-20 15:06:53;206357
2018-02-20 15:07:03;206358
2018-02-20 15:07:13;206359
2018-02-20 15:07:23;206360
2018-02-20 15:07:34;206361
2018-02-20 15:07:44;206362
2018-02-20 15:07:54;206363
2018-02-20 15:08:04;206364
2018-02-20 15:08:14;206365
2018-02-20 15:08:24;206366
2018-02-20 15:08:34;206367
2018-02-20 15:08:45;206368
2018-02-20 15:08:55;206369
2018-02-20 15:09:05;206370
2018-02-20 15:09:15;206371
2018-02-20 15:09:25;206372
2018-02-20 15:09:35;206373
2018-02-20 15:09:45;206374
2018-02-20 15:09:56;206375
2018-02-20 15:10:06;206376
2018-02-20 15:10:16;206377
2018-02-20 15:10:26;206378
2018-02-20 15:10:36;206379
2018-02-20 15:10:46;206380
2018-02-20 15:10:56;206381
2018-02-20 15:11:07;206382
2018-02-20 15:11:17;206383
2018-02-20 15:11:27;206384
2018-02-20 15:11:37;206385
2018-02-20 15:11:47;206386
2018-02-20 15:11:57;206387
2018-02-20 15:12:08;206388
2018-02-20 15:12:18;206389
2018-02-20 15:12:28;206390
2018-02-20 15:12:38;206391
2018-02-20 15:12:48;206392
2018-02-20 15:12:58;206393
2018-02-20 15:13:09;206394
2018-02-20 15:13:19;206395
2018-02-20 15:13:29;206396
2018-02-20 15:13:39;206397
2018-02-20 15:13:49;206398
2018-02-20 15:13:59;206399
2018-02-20 15:14:09;206400
2018-02-20 15:14:20;206401
2018-02-20 15:14:30;206402
2018-02-20 15:14:40;206403
2018-02-20 15:14:50;206404
2018-02-20 15:15:00;206405
2018-02-20 15:15:10;206406
2018-02-20 15:15:21;206407
2018-02-20 15:15:31;206408
2018-02-20 15:15:41;206409
2018-02-20 15:15:51;206410
2018-02-20 15:16:01;206411
2018-02-20 15:16:11;206412
2018-02-20 15:16:21;206413
2018-02-20 15:16:32;206414
2018-02-20 15:16:42;206415
2018-02-20 15:16:52;206416
2018-02-20 15:17:02;206417
2018-02-20 15:17:12;206418
2018-02-20 15:17:22;206419
2018-02-20 15:17:32;206420
2018-02-20 15:17:43;206421
2018-02-20 15:17:53;206422
2018-02-20 15:18:03;206423
2018-02-20 15:18:13;206424
2018-02-20 15:18:23;206425
2018-02-20 15:18:33;206426
2018-02-20 15:18:43;206427
2018-02-20 15:18:54;206428
2018-02-20 15:19:04;206429
2018-02-20 15:19:14;206430
2018-02-20 15:19:24;206431
2018-02-20 15:19:34;206432
2018-02-20 15:19:44;206433
2018-02-20 15:19:54;206434
2018-02-20 15:20:05;206435
2018-02-20 15:20:15;206436
2018-02-20 15:20:25;206437
2018-02-20 15:20:35;206438
2018-02-20 15:20:45;206439
2018-02-20 15:20:55;206440
2018-02-20 15:21:05;206441
2018-02-20 15:21:16;206442
2018-02-20 15:21:26;206443
2018-02-20 15:21:36;206444
2018-02-20 15:21:46;206445
2018-02-20 15:21:56;206446
2018-02-20 15:22:06;206447
2018-02-20 15:22:17;206448
2018-02-20 15:22:27;206449
2018-02-20 15:22:37;206450
2018-02-20 15:22:47;206451
2018-02-20 15:22:57;206452
2018-02-20 15:23:07;206453
2018-02-20 15:23:17;206454
2018-02-20 15:23:28;206455
2018-02-20 15:23:38;206456
2018-02-20 15:23:48;206457
2018-02-20 15:23:58;206458
2018-02-20 15:24:08;206459
2018-02-20 15:24:18;206460
2018-02-20 15:24:28;206461
2018-02-20 15:24:39;206462
2018-02-20 15:24:49;206463
2018-02-20 15:24:59;206464
2018-02-20 15:25:09;206465
2018-02-20 15:25:19;206466
2018-02-20 15:25:29;206467
2018-02-20 15:25:40;206468
2018-02-20 15:25:50;206469
2018-02-20 15:26:00;206470
2018-02-20 15:26:10;206471
2018-02-20 15:26:20;206472
2018-02-20 15:26:30;206473
2018-02-20 15:26:40;206474
2018-02-20 15:26:51;206475
2018-02-20 15:27:01;206476
2018-02-20 15:27:11;206477
2018-02-20 15:27:21;206478
2018-02-20 15:27:31;206479
2018-02-20 15:27:41;206480
2018-02-20 15:27:51;206481
2018-02-20 15:28:02;206482
2018-02-20 15:28:12;206483
2018-02-20 15:28:22;206484
2018-02-20 15:28:32;206485
2018-02-20 15:28:42;206486
2018-02-20 15:28:52;206487
2018-02-20 15:29:02;206488
2018-02-20 15:29:13;206489
2018-02-20 15:29:23;206490
2018-02-20 15:29:33;206491
2018-02-20 15:29:43;206492
2018-02-20 15:29:53;206493
2018-02-20 15:30:03;206494
2018-02-20 15:30:13;206495
2018-02-20 15:30:24;206496
2018-02-20 15:30:34;206497
2018-02-20 15:30:44;206498
2018-02-20 15:30:54;206499
2018-02-20 15:31:04;206500
2018-02-20 15:31:14;206501
2018-02-20 15:31:25;206502
2018-02-20 15:31:35;206503
2018-02-20 15:31:45;206504
2018-02-20 15:31:55;206505
2018-02-20 15:32:05;206506
2018-02-20 15:32:15;206507
2018-02-20 15:32:25;206508
2018-02-20 15:32:36;206509
2018-02-20 15:32:46;206510
2018-02-20 15:32:56;206511
2018-02-20 15:33:06;206512
2018-02-20 15:33:16;206513
2018-02-20 15:33:26;206514
2018-02-20 15:33:36;206515
2018-02-20 15:33:47;206516
2018-02-20 15:33:57;206517
2018-02-20 15:34:07;206518
2018-02-20 15:34:17;206519
2018-02-20 15:34:27;206520
2018-02-20 15:34:37;206521
2018-02-20 15:34:47;206522
2018-02-20 15:34:58;206523
2018-02-20 15:35:08;206524
2018-02-20 15:35:18;206525
2018-02-20 15:35:28;206526
2018-02-20 15:35:38;206527
2018-02-20 15:35:48;206528
2018-02-20 15:35:58;206529
2018-02-20 15:36:09;206530
2018-02-20 15:36:19;206531
2018-02-20 15:36:29;206532
2018-02-20 15:36:39;206533
2018-02-20 15:36:49;206534
2018-02-20 15:36:59;206535
2018-02-20 15:37:09;206536
2018-02-20 15:37:20;206537
2018-02-20 15:37:30;206538
2018-02-20 15:37:40;206539
2018-02-20 15:37:50;206540
2018-02-20 15:38:00;206541
2018-02-20 15:38:10;206542
2018-02-20 15:38:20;206543
2018-02-20 15:38:31;206544
2018-02-20 15:38:41;206545
2018-02-20 15:38:51;206546
2018-02-20 15:39:01;206547
2018-02-20 15:39:11;206548
2018-02-20 15:39:21;206549
2018-02-20 15:39:31;206550
2018-02-20 15:39:42;206551
2018-02-20 15:39:52;206552
2018-02-20 15:40:02;206553
2018-02-20 15:40:12;206554
2018-02-20 15:40:22;206555
2018-02-20 15:40:32;206556
2018-02-20 15:40:43;206557
2018-02-20 15:40:53;206558
2018-02-20 15:41:03;206559
2018-02-20 15:41:13;206560
2018-02-20 15:41:23;206561
2018-02-20 15:41:33;206562
2018-02-20 15:41:43;206563
2018-02-20 15:41:54;206564
2018-02-20 15:42:04;206565
2018-02-20 15:42:14;206566
2018-02-20 15:42:24;206567
2018-02-20 15:42:34;206568
2018-02-20 15:42:44;206569
2018-02-20 15:42:55;206570
2018-02-20 15:43:05;206571
2018-02-20 15:43:15;206572
2018-02-20 15:43:25;206573
2018-02-20 15:43:35;206574
2018-02-20 15:43:45;206575
2018-02-20 15:43:55;206576
2018-02-20 15:44:06;206577
2018-02-20 15:44:16;206578
2018-02-20 15:44:26;206579
2018-02-20 15:44:36;206580
2018-02-20 15:44:46;206581
2018-02-20 15:44:56;206582
2018-02-20 15:45:06;206583
2018-02-20 15:45:17;206584
2018-02-20 15:45:27;206585
2018-02-20 15:45:37;206586
2018-02-20 15:45:47;206587
2018-02-20 15:45:57;206588
2018-02-20 15:46:07;206589
2018-02-20 15:46:18;206590
2018-02-20 15:46:28;206591
2018-02-20 15:46:38;206592
2018-02-20 15:46:48;206593
2018-02-20 15:46:58;206594
2018-02-20 15:47:08;206595
2018-02-20 15:47:18;206596
2018-02-20 15:47:29;206597
2018-02-20 15:47:39;206598
2018-02-20 15:47:49;206599
2018-02-20 15:47:59;206600
2018-02-20 15:48:09;206601
2018-02-20 15:48:19;206602
2018-02-20 15:48:29;206603
2018-02-20 15:48:40;206604
2018-02-20 15:48:50;206605
2018-02-20 15:49:00;206606
2018-02-20 15:49:10;206607
2018-02-20 15:49:20;206608
2018-02-20 15:49:30;206609
2018-02-20 15:49:40;206610
2018-02-20 15:49:51;206611
2018-02-20 15:50:01;206612
2018-02-20 15:50:11;206613
2018-02-20 15:50:21;206614
2018-02-20 15:50:31;206615
2018-02-20 15:50:41;206616
2018-02-20 15:50:51;206617
2018-02-20 15:51:02;206618
2018-02-20 15:51:12;206619
2018-02-20 15:51:22;206620
2018-02-20 15:51:32;206621
2018-02-20 15:51:42;206622
2018-02-20 15:51:52;206623
2018-02-20 15:52:02;206624
2018-02-20 15:52:13;206625
2018-02-20 15:52:23;206626
2018-02-20 15:52:33;206627
2018-02-20 15:52:43;206628
2018-02-20 15:52:53;206629
2018-02-20 15:53:03;206630
2018-02-20 15:53:14;206631
2018-02-20 15:53:24;206632
2018-02-20 15:53:34;206633
2018-02-20 15:53:44;206634
2018-02-20 15:53:54;206635
2018-02-20 15:54:04;206636
2018-02-20 15:54:14;206637
2018-02-20 15:54:25;206638
2018-02-20 15:54:35;206639
2018-02-20 15:54:45;206640
2018-02-20 15:54:55;206641
2018-02-20 15:55:05;206642
2018-02-20 15:55:15;206643
2018-02-20 15:55:25;206644
2018-02-20 15:55:36;206645
2018-02-20 15:55:46;206646
2018-02-20 15:55:56;206647
2018-02-20 15:56:06;206648
2018-02-20 15:56:16;206649
2018-02-20 15:56:26;206650
2018-02-20 15:56:37;206651
2018-02-20 15:56:47;206652
2018-02-20 15:56:57;206653
2018-02-20 15:57:07;206654
2018-02-20 15:57:17;206655
2018-02-20 15:57:27;206656
2018-02-20 15:57:37;206657
2018-02-20 15:57:48;206658
2018-02-20 15:57:58;206659
2018-02-20 15:58:08;206660
2018-02-20 15:58:18;206661
2018-02-20 15:58:28;206662
2018-02-20 15:58:38;206663
2018-02-20 15:58:48;206664
2018-02-20 15:58:59;206665
2018-02-20 15:59:09;206666
2018-02-20 15:59:19;206667
2018-02-20 15:59:29;206668
2018-02-20 15:59:39;206669
2018-02-20 15:59:49;206670
2018-02-20 16:00:00;206671
2018-02-20 16:00:10;206672
2018-02-20 16:00:20;206673
2018-02-20 16:00:30;206674
2018-02-20 16:00:40;206675
2018-02-20 16:00:50;206676
2018-02-20 16:01:00;206677
2018-02-20 16:01:11;206678
2018-02-20 16:01:21;206679
2018-02-20 16:01:31;206680
2018-02-20 16:01:41;206681
2018-02-20 16:01:51;206682
2018-02-20 16:02:01;206683
2018-02-20 16:02:11;206684
2018-02-20 16:02:22;206685
2018-02-20 16:02:32;206686
2018-02-20 16:02:42;206687
2018-02-20 16:02:52;206688
2018-02-20 16:03:02;206689
2018-02-20 16:03:12;206690
2018-02-20 16:03:22;206691
2018-02-20 16:03:33;206692
2018-02-20 16:03:43;206693
2018-02-20 16:03:53;206694
2018-02-20 16:04:03;206695
2018-02-20 16:04:13;206696
2018-02-20 16:04:23;206697
2018-02-20 16:04:34;206698
2018-02-20 16:04:44;206699
2018-02-20 16:04:54;206700
2018-02-20 16:05:04;206701
2018-02-20 16:05:14;206702
2018-02-20 16:05:24;206703
2018-02-20 16:05:34;206704
2018-02-20 16:05:45;206705
2018-02-20 16:05:55;206706
2018-02-20 16:06:05;206707
2018-02-20 16:06:15;206708
2018-02-20 16:06:25;206709
2018-02-20 16:06:35;206710
2018-02-20 16:06:45;206711
2018-02-20 16:06:56;206712
2018-02-20 16:07:06;206713
2018-02-20 16:07:16;206714
2018-02-20 16:07:26;206715
2018-02-20 16:07:36;206716
2018-02-20 16:07:46;206717
2018-02-20 16:07:57;206718
2018-02-20 16:08:07;206719
2018-02-20 16:08:17;206720
2018-02-20 16:08:27;206721
2018-02-20 16:08:37;206722
2018-02-20 16:08:47;206723
2018-02-20 16:08:57;206724
2018-02-20 16:09:08;206725
2018-02-20 16:09:18;206726
2018-02-20 16:09:28;206727
2018-02-20 16:09:38;206728
2018-02-20 16:09:48;206729
2018-02-20 16:09:58;206730
2018-02-20 16:10:08;206731
2018-02-20 16:10:19;206732
2018-02-20 16:10:29;206733
2018-02-20 16:10:39;206734
2018-02-20 16:10:49;206735
2018-02-20 16:10:59;206736
2018-02-20 16:11:09;206737
2018-02-20 16:11:19;206738
2018-02-20 16:11:30;206739
2018-02-20 16:11:40;206740
2018-02-20 16:11:50;206741
2018-02-20 16:12:00;206742
2018-02-20 16:12:10;206743
2018-02-20 16:12:20;206744
2018-02-20 16:12:31;206745
2018-02-20 16:12:41;206746
2018-02-20 16:12:51;206747
2018-02-20 16:13:01;206748
2018-02-20 16:13:11;206749
2018-02-20 16:13:21;206750
2018-02-20 16:13:31;206751
2018-02-20 16:13:42;206752
2018-02-20 16:13:52;206753
2018-02-20 16:14:02;206754
2018-02-20 16:14:12;206755
2018-02-20 16:14:22;206756
2018-02-20 16:14:32;206757
2018-02-20 16:14:42;206758
2018-02-20 16:14:53;206759
2018-02-20 16:15:03;206760
2018-02-20 16:15:13;206761
2018-02-20 16:15:23;206762
2018-02-20 16:15:33;206763
2018-02-20 16:15:43;206764
2018-02-20 16:15:53;206765
2018-02-20 16:16:04;206766
2018-02-20 16:16:14;206767
2018-02-20 16:16:24;206768
2018-02-20 16:16:34;206769
2018-02-20 16:16:44;206770
2018-02-20 16:16:54;206771
2018-02-20 16:17:05;206772
2018-02-20 16:17:15;206773
2018-02-20 16:17:25;206774
2018-02-20 16:17:35;206775
2018-02-20 16:17:45;206776
2018-02-20 16:17:55;206777
2018-02-20 16:18:05;206778
2018-02-20 16:18:16;206779
2018-02-20 16:18:26;206780
2018-02-20 16:18:36;206781
2018-02-20 16:18:46;206782
2018-02-20 16:18:56;206783
2018-02-20 16:19:06;206784
2018-02-20 16:19:16;206785
2018-02-20 16:19:27;206786
2018-02-20 16:19:37;206787
2018-02-20 16:19:47;206788
2018-02-20 16:19:57;206789
2018-02-20 16:20:07;206790
2018-02-20 16:20:17;206791
2018-02-20 16:20:28;206792
2018-02-20 16:20:38;206793
2018-02-20 16:20:48;206794
2018-02-20 16:20:58;206795
2018-02-20 16:21:08;206796
2018-02-20 16:21:18;206797
2018-02-20 16:21:29;206798
2018-02-20 16:21:39;206799
2018-02-20 16:21:49;206800
2018-02-20 16:21:59;206801
2018-02-20 16:22:09;206802
2018-02-20 16:22:19;206803
2018-02-20 16:22:29;206804
2018-02-20 16:22:40;206805
2018-02-20 16:22:50;206806
2018-02-20 16:23:00;206807
2018-02-20 16:23:10;206808
2018-02-20 16:23:20;206809
2018-02-20 16:23:30;206810
2018-02-20 16:23:41;206811
2018-02-20 16:23:51;206812
2018-02-20 16:24:01;206813
2018-02-20 16:24:11;206814
2018-02-20 16:24:21;206815
2018-02-20 16:24:31;206816
2018-02-20 16:24:41;206817
2018-02-20 16:24:52;206818
2018-02-20 16:25:02;206819
2018-02-20 16:25:12;206820
2018-02-20 16:25:22;206821
2018-02-20 16:25:32;206822
2018-02-20 16:25:42;206823
2018-02-20 16:25:52;206824
2018-02-20 16:26:03;206825
2018-02-20 16:26:13;206826
2018-02-20 16:26:23;206827
2018-02-20 16:26:33;206828
2018-02-20 16:26:43;206829
2018-02-20 16:26:53;206830
2018-02-20 16:27:03;206831
2018-02-20 16:27:14;206832
2018-02-20 16:27:24;206833
2018-02-20 16:27:34;206834
2018-02-20 16:27:44;206835
2018-02-20 16:27:54;206836
2018-02-20 16:28:04;206837
2018-02-20 16:28:15;206838
2018-02-20 16:28:25;206839
2018-02-20 16:28:35;206840
2018-02-20 16:28:45;206841
2018-02-20 16:28:55;206842
2018-02-20 16:29:05;206843
2018-02-20 16:29:15;206844
2018-02-20 16:29:26;206845
2018-02-20 16:29:36;206846
2018-02-20 16:29:46;206847
2018-02-20 16:29:56;206848
2018-02-20 16:30:06;206849
2018-02-20 16:30:16;206850
2018-02-20 16:30:27;206851
2018-02-20 16:30:37;206852
2018-02-20 16:30:47;206853
2018-02-20 16:30:57;206854
2018-02-20 16:31:07;206855
2018-02-20 16:31:17;206856
2018-02-20 16:31:27;206857
2018-02-20 16:31:38;206858
2018-02-20 16:31:48;206859
2018-02-20 16:31:58;206860
2018-02-20 16:32:08;206861
2018-02-20 16:32:18;206862
2018-02-20 16:32:28;206863
2018-02-20 16:32:38;206864
2018-02-20 16:32:49;206865
2018-02-20 16:32:59;206866
2018-02-20 16:33:09;206867
2018-02-20 16:33:19;206868
2018-02-20 16:33:29;206869
2018-02-20 16:33:39;206870
2018-02-20 16:33:49;206871
2018-02-20 16:34:00;206872
2018-02-20 16:34:10;206873
2018-02-20 16:34:20;206874
2018-02-20 16:34:30;206875
2018-02-20 16:34:40;206876
2018-02-20 16:34:50;206877
2018-02-20 16:35:00;206878
2018-02-20 16:35:11;206879
2018-02-20 16:35:21;206880
2018-02-20 16:35:31;206881
2018-02-20 16:35:41;206882
2018-02-20 16:35:51;206883
2018-02-20 16:36:01;206884
2018-02-20 16:36:11;206885
2018-02-20 16:36:22;206886
2018-02-20 16:36:32;206887
2018-02-20 16:36:42;206888
2018-02-20 16:36:52;206889
2018-02-20 16:37:02;206890
2018-02-20 16:37:12;206891
2018-02-20 16:37:23;206892
2018-02-20 16:37:33;206893
2018-02-20 16:37:43;206894
2018-02-20 16:37:53;206895
2018-02-20 16:38:03;206896
2018-02-20 16:38:13;206897
2018-02-20 16:38:23;206898
2018-02-20 16:38:34;206899
2018-02-20 16:38:44;206900
2018-02-20 16:38:54;206901
2018-02-20 16:39:04;206902
2018-02-20 16:39:14;206903
2018-02-20 16:39:24;206904
2018-02-20 16:39:34;206905
2018-02-20 16:39:45;206906
2018-02-20 16:39:55;206907
2018-02-20 16:40:05;206908
2018-02-20 16:40:15;206909
2018-02-20 16:40:25;206910
2018-02-20 16:40:35;206911
2018-02-20 16:40:45;206912
2018-02-20 16:40:56;206913
2018-02-20 16:41:06;206914
2018-02-20 16:41:16;206915
2018-02-20 16:41:26;206916
2018-02-20 16:41:36;206917
2018-02-20 16:41:46;206918
2018-02-20 16:41:57;206919
2018-02-20 16:42:07;206920
2018-02-20 16:42:17;206921
2018-02-20 16:42:27;206922
2018-02-20 16:42:37;206923
2018-02-20 16:42:47;206924
2018-02-20 16:42:57;206925
2018-02-20 16:43:08;206926
2018-02-20 16:43:18;206927
2018-02-20 16:43:28;206928
2018-02-20 16:43:38;206929
2018-02-20 16:43:48;206930
2018-02-20 16:43:58;206931
2018-02-20 16:44:08;206932
2018-02-20 16:44:19;206933
2018-02-20 16:44:29;206934
2018-02-20 16:44:39;206935
2018-02-20 16:44:49;206936
2018-02-20 16:44:59;206937
2018-02-20 16:45:09;206938
2018-02-20 16:45:19;206939
2018-02-20 16:45:30;206940
2018-02-20 16:45:40;206941
2018-02-20 16:45:50;206942
2018-02-20 16:46:00;206943
2018-02-20 16:46:10;206944
2018-02-20 16:46:20;206945
2018-02-20 16:46:30;206946
2018-02-20 16:46:41;206947
2018-02-20 16:46:51;206948
2018-02-20 16:47:01;206949
2018-02-20 16:47:11;206950
2018-02-20 16:47:21;206951
2018-02-20 16:47:31;206952
2018-02-20 16:47:42;206953
2018-02-20 16:47:52;206954
2018-02-20 16:48:02;206955
2018-02-20 16:48:12;206956
2018-02-20 16:48:22;206957
2018-02-20 16:48:32;206958
2018-02-20 16:48:42;206959
2018-02-20 16:48:53;206960
2018-02-20 16:49:03;206961
2018-02-20 16:49:13;206962
2018-02-20 16:49:23;206963
2018-02-20 16:49:33;206964
2018-02-20 16:49:43;206965
2018-02-20 16:49:53;206966
2018-02-20 16:50:04;206967
2018-02-20 16:50:14;206968
2018-02-20 16:50:24;206969
2018-02-20 16:50:34;206970
2018-02-20 16:50:44;206971
2018-02-20 16:50:54;206972
2018-02-20 16:51:04;206973
2018-02-20 16:51:15;206974
2018-02-20 16:51:25;206975
2018-02-20 16:51:35;206976
2018-02-20 16:51:45;206977
2018-02-20 16:51:55;206978
2018-02-20 16:52:05;206979
2018-02-20 16:52:15;206980
2018-02-20 16:52:26;206981
2018-02-20 16:52:36;206982
2018-02-20 16:52:46;206983
2018-02-20 16:52:56;206984
2018-02-20 16:53:06;206985
2018-02-20 16:53:16;206986
2018-02-20 16:53:27;206987
2018-02-20 16:53:37;206988
2018-02-20 16:53:47;206989
2018-02-20 16:53:57;206990
2018-02-20 16:54:07;206991
2018-02-20 16:54:17;206992
2018-02-20 16:54:27;206993
2018-02-20 16:54:38;206994
2018-02-20 16:54:48;206995
2018-02-20 16:54:58;206996
2018-02-20 16:55:08;206997
2018-02-20 16:55:18;206998
2018-02-20 16:55:28;206999
2018-02-20 16:55:38;207000
2018-02-20 16:55:49;207001
2018-02-20 16:55:59;207002
2018-02-20 16:56:09;207003
2018-02-20 16:56:19;207004
2018-02-20 16:56:29;207005
2018-02-20 16:56:39;207006
2018-02-20 16:56:50;207007
2018-02-20 16:57:00;207008
2018-02-20 16:57:10;207009
2018-02-20 16:57:20;207010
2018-02-20 16:57:30;207011
2018-02-20 16:57:40;207012
2018-02-20 16:57:50;207013
2018-02-20 16:58:01;207014
2018-02-20 16:58:11;207015
2018-02-20 16:58:21;207016
2018-02-20 16:58:31;207017
2018-02-20 16:58:41;207018
2018-02-20 16:58:51;207019
2018-02-20 16:59:01;207020
2018-02-20 16:59:12;207021
2018-02-20 16:59:22;207022
2018-02-20 16:59:32;207023
2018-02-20 16:59:42;207024
2018-02-20 16:59:52;207025
2018-02-20 17:00:02;207026
2018-02-20 17:00:12;207027
2018-02-20 17:00:23;207028
2018-02-20 17:00:33;207029
2018-02-20 17:00:43;207030
2018-02-20 17:00:53;207031
2018-02-20 17:01:03;207032
2018-02-20 17:01:13;207033
2018-02-20 17:01:23;207034
2018-02-20 17:01:34;207035
2018-02-20 17:01:44;207036
2018-02-20 17:01:54;207037
2018-02-20 17:02:04;207038
2018-02-20 17:02:14;207039
2018-02-20 17:02:24;207040
2018-02-20 17:02:35;207041
2018-02-20 17:02:45;207042
2018-02-20 17:02:55;207043
2018-02-20 17:03:05;207044
2018-02-20 17:03:15;207045
2018-02-20 17:03:25;207046
2018-02-20 17:03:35;207047
2018-02-20 17:03:46;207048
2018-02-20 17:03:56;207049
2018-02-20 17:04:06;207050
2018-02-20 17:04:16;207051
2018-02-20 17:04:26;207052
2018-02-20 17:04:36;207053
2018-02-20 17:04:46;207054
2018-02-20 17:04:57;207055
2018-02-20 17:05:07;207056
2018-02-20 17:05:17;207057
2018-02-20 17:05:27;207058
2018-02-20 17:05:37;207059
2018-02-20 17:05:47;207060
2018-02-20 17:05:58;207061
2018-02-20 17:06:08;207062
2018-02-20 17:06:18;207063
2018-02-20 17:06:28;207064
2018-02-20 17:06:38;207065
2018-02-20 17:06:48;207066
2018-02-20 17:06:58;207067
2018-02-20 17:07:09;207068
2018-02-20 17:07:19;207069
2018-02-20 17:07:29;207070
2018-02-20 17:07:39;207071
2018-02-20 17:07:49;207072
2018-02-20 17:07:59;207073
2018-02-20 17:08:09;207074
2018-02-20 17:08:20;207075
2018-02-20 17:08:30;207076
2018-02-20 17:08:40;207077
2018-02-20 17:08:50;207078
2018-02-20 17:09:00;207079
2018-02-20 17:09:10;207080
2018-02-20 17:09:20;207081
2018-02-20 17:09:31;207082
2018-02-20 17:09:41;207083
2018-02-20 17:09:51;207084
2018-02-20 17:10:01;207085
2018-02-20 17:10:11;207086
2018-02-20 17:10:21;207087
2018-02-20 17:10:31;207088
2018-02-20 17:10:42;207089
2018-02-20 17:10:52;207090
2018-02-20 17:11:02;207091
2018-02-20 17:11:12;207092
2018-02-20 17:11:22;207093
2018-02-20 17:11:32;207094
2018-02-20 17:11:43;207095
2018-02-20 17:11:53;207096
2018-02-20 17:12:03;207097
2018-02-20 17:12:13;207098
2018-02-20 17:12:23;207099
2018-02-20 17:12:33;207100
2018-02-20 17:12:43;207101
2018-02-20 17:12:54;207102
2018-02-20 17:13:04;207103
2018-02-20 17:13:14;207104
2018-02-20 17:13:24;207105
2018-02-20 17:13:34;207106
2018-02-20 17:13:44;207107
2018-02-20 17:13:54;207108
2018-02-20 17:14:05;207109
2018-02-20 17:14:15;207110
2018-02-20 17:14:25;207111
2018-02-20 17:14:35;207112
2018-02-20 17:14:45;207113
2018-02-20 17:14:55;207114
2018-02-20 17:15:05;207115
2018-02-20 17:15:16;207116
2018-02-20 17:15:26;207117
2018-02-20 17:15:36;207118
2018-02-20 17:15:46;207119
2018-02-20 17:15:56;207120
2018-02-20 17:16:06;207121
2018-02-20 17:16:17;207122
2018-02-20 17:16:27;207123
2018-02-20 17:16:37;207124
2018-02-20 17:16:47;207125
2018-02-20 17:16:57;207126
2018-02-20 17:17:07;207127
2018-02-20 17:17:17;207128
2018-02-20 17:17:28;207129
2018-02-20 17:17:38;207130
2018-02-20 17:17:48;207131
2018-02-20 17:17:58;207132
2018-02-20 17:18:08;207133
2018-02-20 17:18:18;207134
2018-02-20 17:18:29;207135
2018-02-20 17:18:39;207136
2018-02-20 17:18:49;207137
2018-02-20 17:18:59;207138
2018-02-20 17:19:09;207139
2018-02-20 17:19:19;207140
2018-02-20 17:19:29;207141
2018-02-20 17:19:40;207142
2018-02-20 17:19:50;207143
2018-02-20 17:20:00;207144
2018-02-20 17:20:10;207145
2018-02-20 17:20:20;207146
2018-02-20 17:20:30;207147
2018-02-20 17:20:40;207148
2018-02-20 17:20:51;207149
2018-02-20 17:21:01;207150
2018-02-20 17:21:11;207151
2018-02-20 17:21:21;207152
2018-02-20 17:21:31;207153
2018-02-20 17:21:41;207154
2018-02-20 17:21:52;207155
2018-02-20 17:22:02;207156
2018-02-20 17:22:12;207157
2018-02-20 17:22:22;207158
2018-02-20 17:22:32;207159
2018-02-20 17:22:42;207160
2018-02-20 17:22:52;207161
2018-02-20 17:23:03;207162
2018-02-20 17:23:13;207163
2018-02-20 17:23:23;207164
2018-02-20 17:23:33;207165
2018-02-20 17:23:43;207166
2018-02-20 17:23:53;207167
2018-02-20 17:24:03;207168
2018-02-20 17:24:14;207169
2018-02-20 17:24:24;207170
2018-02-20 17:24:34;207171
2018-02-20 17:24:44;207172
2018-02-20 17:24:54;207173
2018-02-20 17:25:04;207174
2018-02-20 17:25:14;207175
2018-02-20 17:25:25;207176
2018-02-20 17:25:35;207177
2018-02-20 17:25:45;207178
2018-02-20 17:25:55;207179
2018-02-20 17:26:05;207180
2018-02-20 17:26:15;207181
2018-02-20 17:26:25;207182
2018-02-20 17:26:36;207183
2018-02-20 17:26:46;207184
2018-02-20 17:26:56;207185
2018-02-20 17:27:06;207186
2018-02-20 17:27:16;207187
2018-02-20 17:27:26;207188
2018-02-20 17:27:36;207189
2018-02-20 17:27:47;207190
2018-02-20 17:27:57;207191
2018-02-20 17:28:07;207192
2018-02-20 17:28:17;207193
2018-02-20 17:28:27;207194
2018-02-20 17:28:37;207195
2018-02-20 17:28:47;207196
2018-02-20 17:28:58;207197
2018-02-20 17:29:08;207198
2018-02-20 17:29:18;207199
2018-02-20 17:29:28;207200
2018-02-20 17:29:38;207201
2018-02-20 17:29:48;207202
2018-02-20 17:29:59;207203
2018-02-20 17:30:09;207204
2018-02-20 17:30:19;207205
2018-02-20 17:30:29;207206
2018-02-20 17:30:39;207207
2018-02-20 17:30:49;207208
2018-02-20 17:31:00;207209
2018-02-20 17:31:10;207210
2018-02-20 17:31:20;207211
2018-02-20 17:31:30;207212
2018-02-20 17:31:40;207213
2018-02-20 17:31:50;207214
2018-02-20 17:32:00;207215
2018-02-20 17:32:11;207216
2018-02-20 17:32:21;207217
2018-02-20 17:32:31;207218
2018-02-20 17:32:41;207219
2018-02-20 17:32:51;207220
2018-02-20 17:33:01;207221
2018-02-20 17:33:11;207222
2018-02-20 17:33:22;207223
2018-02-20 17:33:32;207224
2018-02-20 17:33:42;207225
2018-02-20 17:33:52;207226
2018-02-20 17:34:02;207227
2018-02-20 17:34:12;207228
2018-02-20 17:34:22;207229
2018-02-20 17:34:33;207230
2018-02-20 17:34:43;207231
2018-02-20 17:34:53;207232
2018-02-20 17:35:03;207233
2018-02-20 17:35:13;207234
2018-02-20 17:35:23;207235
2018-02-20 17:35:34;207236
2018-02-20 17:35:44;207237
2018-02-20 17:35:54;207238
2018-02-20 17:36:04;207239
2018-02-20 17:36:14;207240
2018-02-20 17:36:24;207241
2018-02-20 17:36:34;207242
2018-02-20 17:36:45;207243
2018-02-20 17:36:55;207244
2018-02-20 17:37:05;207245
2018-02-20 17:37:15;207246
2018-02-20 17:37:25;207247
2018-02-20 17:37:35;207248
2018-02-20 17:37:45;207249
2018-02-20 17:37:56;207250
2018-02-20 17:38:06;207251
2018-02-20 17:38:16;207252
2018-02-20 17:38:26;207253
2018-02-20 17:38:36;207254
2018-02-20 17:38:46;207255
2018-02-20 17:38:56;207256
2018-02-20 17:39:07;207257
2018-02-20 17:39:17;207258
2018-02-20 17:39:27;207259
2018-02-20 17:39:37;207260
2018-02-20 17:39:47;207261
2018-02-20 17:39:57;207262
2018-02-20 17:40:07;207263
2018-02-20 17:40:18;207264
2018-02-20 17:40:28;207265
2018-02-20 17:40:38;207266
2018-02-20 17:40:48;207267
2018-02-20 17:40:58;207268
2018-02-20 17:41:08;207269
2018-02-20 17:41:18;207270
2018-02-20 17:41:29;207271
2018-02-20 17:41:39;207272
2018-02-20 17:41:49;207273
2018-02-20 17:41:59;207274
2018-02-20 17:42:09;207275
2018-02-20 17:42:19;207276
2018-02-20 17:42:29;207277
2018-02-20 17:42:40;207278
2018-02-20 17:42:50;207279
2018-02-20 17:43:00;207280
2018-02-20 17:43:10;207281
2018-02-20 17:43:20;207282
2018-02-20 17:43:30;207283
2018-02-20 17:43:40;207284
2018-02-20 17:43:51;207285
2018-02-20 17:44:01;207286
2018-02-20 17:44:11;207287
2018-02-20 17:44:21;207288
2018-02-20 17:44:31;207289
2018-02-20 17:44:41;207290
2018-02-20 17:44:52;207291
2018-02-20 17:45:02;207292
2018-02-20 17:45:12;207293
2018-02-20 17:45:22;207294
2018-02-20 17:45:32;207295
2018-02-20 17:45:42;207296
2018-02-20 17:45:52;207297
2018-02-20 17:46:03;207298
2018-02-20 17:46:13;207299
2018-02-20 17:46:23;207300
2018-02-20 17:46:33;207301
2018-02-20 17:46:43;207302
2018-02-20 17:46:53;207303
2018-02-20 17:47:03;207304
2018-02-20 17:47:14;207305
2018-02-20 17:47:24;207306
2018-02-20 17:47:34;207307
2018-02-20 17:47:44;207308
2018-02-20 17:47:54;207309
2018-02-20 17:48:04;207310
2018-02-20 17:48:15;207311
2018-02-20 17:48:25;207312
2018-02-20 17:48:35;207313
2018-02-20 17:48:45;207314
2018-02-20 17:48:55;207315
2018-02-20 17:49:05;207316
2018-02-20 17:49:15;207317
2018-02-20 17:49:26;207318
2018-02-20 17:49:36;207319
2018-02-20 17:49:46;207320
2018-02-20 17:49:56;207321
2018-02-20 17:50:06;207322
2018-02-20 17:50:16;207323
2018-02-20 17:50:26;207324
2018-02-20 17:50:37;207325
2018-02-20 17:50:47;207326
2018-02-20 17:50:57;207327
2018-02-20 17:51:07;207328
2018-02-20 17:51:17;207329
2018-02-20 17:51:27;207330
2018-02-20 17:51:38;207331
2018-02-20 17:51:48;207332
2018-02-20 17:51:58;207333
2018-02-20 17:52:08;207334
2018-02-20 17:52:18;207335
2018-02-20 17:52:28;207336
2018-02-20 17:52:38;207337
2018-02-20 17:52:49;207338
2018-02-20 17:52:59;207339
2018-02-20 17:53:09;207340
2018-02-20 17:53:19;207341
2018-02-20 17:53:29;207342
2018-02-20 17:53:39;207343
2018-02-20 17:53:49;207344
2018-02-20 17:54:00;207345
2018-02-20 17:54:10;207346
2018-02-20 17:54:20;207347
2018-02-20 17:54:30;207348
2018-02-20 17:54:40;207349
2018-02-20 17:54:50;207350
2018-02-20 17:55:00;207351
2018-02-20 17:55:11;207352
2018-02-20 17:55:21;207353
2018-02-20 17:55:31;207354
2018-02-20 17:55:41;207355
2018-02-20 17:55:51;207356
2018-02-20 17:56:01;207357
2018-02-20 17:56:11;207358
2018-02-20 17:56:22;207359
2018-02-20 17:56:32;207360
2018-02-20 17:56:42;207361
2018-02-20 17:56:52;207362
